<?xml version="1.0" encoding="utf-8"?>

<credits>

   <background value="1" file="gui/bg.png" posision="centered" scale="100"/>

   <credit value="2">
      <credit posision-x="" posision-y="" scale="0" float="top"/>
      <credit file="credits/owner.png"/>
   </credit>

   <credit value="3">
      <credit posision-x="" posision-y="" scale="0" float="top"/>
      <credit file="credits/.png"/>
   </credit>

   <credit value="4">
      <credit posision-x="" posision-y="" scale="0" float="top"/>
      <credit file="credits/.png"/>
   </credit>

   <control value="7">
      <control name="Назад" posision-x="" posision-y=""/>
      <control file="starts.xml" link="true"/>
	  <control on-hover-tip="true" tip="Вернутся назат"/>
   </control>

</credits>
