<?xml version="1.0" encoding="utf-8"?>

<starts>

   <background value="1" file="gui/bg.png" posision-x="centered" scale="100"/>

   <control value="2">
      <control name="Новая игра"/>
      <control posision-x="" posision-y=""/>
      <control file="new_session.xml" link="true"/>
	  <control on-hover-tip="true" tip="Начать новую игру"/>
   </control>

   <control value="3">
      <control name="Загрузить игру"/>
      <control posision-x="" posision-y=""/>
      <control file="load_session.xml" link="true"/>
	  <control on-hover-tip="true" tip="Загрузить ранее сохранёную игру"/>
   </control>

   <control value="4">
      <control name="Настройки"/>
      <control posision-x="" posision-y=""/>
      <control file="settings.xml" link="true"/>
	  <control on-hover-tip="true" tip="Открыть игравые настройки"/>
   </control>

   <control value="5">
      <control name="Разработчики"/>
      <control posision-x="" posision-y=""/>
      <control file="credits.xml" link="true"/>
	  <control on-hover-tip="true" tip="Показать информацию о разработчиков игры"/>
   </control>

   <control value="6">
      <control name="Помощ"/>
      <control posision-x="" posision-y=""/>
      <control file="help.xml" link="true"/>
	  <control on-hover-tip="true" tip="Помощ по игре"/>
   </control>

   <control value="7">
      <control name="Назад"/>
      <control posision-x="" posision-y=""/>
      <control file="starts.xml" link="true"/>
	  <control on-hover-tip="true" tip="Вернутся назат"/>
   </control>

</starts>
