<?xml version="1.0" encoding="utf-8"?>

<load-session>

   <backgrounds>
      <background value="1" file="gui/ls_bg.png" x="0" y="0" s="100"/>
   </backgrounds>

   <start value="1">
      <start name="Новая игра" file="new_session.xml" link="true"/>
	  <image file="gui/n.png" hower-file="gui/h_n.png" click-file="gui/c_n.png" x="" y=""/>
   </start>

   <start value="2">
      <start name="Загрузить игру" file="load_session.xml" link="true"/>
	  <image file="gui/l.png" hower-file="gui/h_l.png" click-file="gui/c_l.png" x="" y=""/>
   </start>

   <start value="3">
      <start name="Настройки" file="settings.xml" link="true"/>
	  <image file="gui/s.png" hower-file="gui/h_s.png" click-file="gui/c_s.png" x="" y=""/>
   </start>

   <start value="4">
      <start name="Разрабочик" file="credits.xml" link="true"/>
	  <image file="gui/c.png" hower-file="gui/h_c.png" click-file="gui/c_c.png" x="" y=""/>
   </start>

   <start value="5">
      <start name="Помощ" file="help.xml" link="true"/>
	  <image file="gui/h.png" hower-file="gui/h_h.png" click-file="gui/c_h.png" x="" y=""/>
   </start>

   <start value="6">
      <start name="Выход" file="exit.xml" link="true"/>
	  <image file="gui/e.png" hower-file="gui/h_e.png" click-file="gui/c_e.png" x="" y=""/>
   </start>

</load-session>
