<?xml version="1.0" encoding="utf-8"?>

<new-session>

   <background value="1" file="gui/ns_bg.png" posision="centered" scale="100"/>

   <list value="2">
      <list name="Группа 1" posision-x="" posision-y="" float="fixed"/>
      <load from-file="units/units.xml" group-1="image-file" posision="left" float="horizontal"/>
      <image image-link="true" link-type="open"/>
      <open from-file="units/units.xml" group-1="declaration-file" posision="centered" scale="100"/>
      <controls>
         <control name="Добавить" posision-x="" posision-y=""/>
         <control file="session/session.xml" link="true" link-type="save"/>
	     <control on-hover-tip="true" tip="Добавить в список этот герой"/>
	  </controls>
      <controls>
         <control name="Убрать" posision-x="" posision-y=""/>
         <control file="session/session.xml" link="true" link-type="remove"/>
	     <control on-hover-tip="true" tip="Убрать из списка этот герой"/>
	  </controls>
	  <control>
         <control name="Закрыть" posision-x="" posision-y=""/>
         <control file="new_session.xml" link="true" link-type="close"/>
	     <control on-hover-tip="true" tip="Закрыть "/>
      </control>
   </list>

   <list value="2">
      <list name="Группа 2" posision-x="" posision-y="" float="fixed"/>
      <load from-file="units/units.xml" group-2="image-file" posision="left" float="horizontal"/>
      <image image-link="true" link-type="open"/>
      <open from-file="units/units.xml" group-1="declaration-file" posision="centered" scale="100"/>
      <controls>
         <control name="Добавить" posision-x="" posision-y=""/>
         <control file="session/session.xml" link="true" link-type="save"/>
	     <control on-hover-tip="true" tip="Выбрать этот герой"/>
	  </controls>
	  <control>
         <control name="Закрыть" posision-x="" posision-y=""/>
         <control file="new_session.xml" link="true" link-type="close"/>
	     <control on-hover-tip="true" tip="Назад в список"/>
      </control>
   </list>

   <list value="3">
      <list name="Группа 1" posision-x="" posision-y="" float="fixed"/>
      <load from-file="units/units.xml" group-3="image-file" posision="left" float="horizontal"/>
      <image image-link="true" link-type="open"/>
      <open from-file="units/units.xml" group-1="declaration-file" posision="centered" scale="100"/>
      <controls>
         <control name="Добавить" posision-x="" posision-y=""/>
         <control file="session/session.xml" link="true" link-type="save"/>
	     <control on-hover-tip="true" tip="Выбрать этот герой"/>
	  </controls>
	  <control>
         <control name="Закрыть" posision-x="" posision-y=""/>
         <control file="new_session.xml" link="true" link-type="close"/>
	     <control on-hover-tip="true" tip="Назад в список"/>
      </control>
   </list>

   <list value="4">
      <list name="Группа 1" posision-x="" posision-y="" float="fixed"/>
      <load from-file="units/units.xml" group-4="image-file" posision="left" float="horizontal"/>
      <image image-link="true" link-type="open"/>
      <open from-file="units/units.xml" group-4="declaration-file" posision="centered" scale="100"/>
      <controls>
         <control name="Добавить" posision-x="" posision-y=""/>
         <control file="session/session.xml" link="true" link-type="save"/>
	     <control on-hover-tip="true" tip="Выбрать этот герой"/>
	  </controls>
	  <control>
         <control name="Закрыть" posision-x="" posision-y=""/>
         <control file="new_session.xml" link="true" link-type="close"/>
	     <control on-hover-tip="true" tip="Назад в список"/>
      </control>
   </list>

   <control value="6">
      <control name="Назад" posision-x="" posision-y=""/>
      <control file="starts.xml" link="true" link-type="open"/>
	  <control on-hover-tip="true" tip="Вернутся назат"/>
   </control>

</new-session>
